<?xml version="1.0" encoding="UTF-8"?>
<objects serializationModel="Studio.02.01.00">
	<object class="ParameterPreset" id="{64cb70a7-ad2e-48f1-933c-e92b7452bda6}">
		<property name="name">
			<value>Distance</value>
		</property>
		<relationship name="folder">
			<destination>{bbb19a71-1b04-400f-b7c5-a64ab3dd8528}</destination>
		</relationship>
		<relationship name="parameter">
			<destination>{28828ef6-f04e-40fe-a6c9-9d12eb73b176}</destination>
		</relationship>
	</object>
	<object class="GameParameter" id="{28828ef6-f04e-40fe-a6c9-9d12eb73b176}">
		<property name="parameterType">
			<value>3</value>
		</property>
		<property name="maximum">
			<value>30</value>
		</property>
		<property name="initialValue">
			<value>0</value>
		</property>
		<property name="isExposedRecursively">
			<value>false</value>
		</property>
	</object>
</objects>
