<?xml version="1.0" encoding="UTF-8"?>
<objects serializationModel="Studio.02.01.00">
	<object class="ParameterPreset" id="{a7f4dc2d-80da-4f45-99b3-f90c0bdfe95f}">
		<property name="name">
			<value>Game Over</value>
		</property>
		<relationship name="folder">
			<destination>{bbb19a71-1b04-400f-b7c5-a64ab3dd8528}</destination>
		</relationship>
		<relationship name="parameter">
			<destination>{d0618ed5-fc30-423a-bf95-d943766ef9ef}</destination>
		</relationship>
	</object>
	<object class="GameParameter" id="{d0618ed5-fc30-423a-bf95-d943766ef9ef}">
		<property name="isGlobal">
			<value>true</value>
		</property>
		<property name="initialValue">
			<value>0</value>
		</property>
		<property name="seekSpeed">
			<value>1</value>
		</property>
		<property name="seekSpeedAsymmetric">
			<value>true</value>
		</property>
		<property name="isExposedRecursively">
			<value>false</value>
		</property>
	</object>
</objects>
