<?xml version="1.0" encoding="UTF-8"?>
<objects serializationModel="Studio.02.01.00">
	<object class="ParameterPreset" id="{ca298c3b-3d85-4e65-b80e-f1bc155dd59d}">
		<property name="name">
			<value>Progress</value>
		</property>
		<relationship name="folder">
			<destination>{bbb19a71-1b04-400f-b7c5-a64ab3dd8528}</destination>
		</relationship>
		<relationship name="parameter">
			<destination>{0829b3c2-09ba-43e8-b294-c3a5769c3ca1}</destination>
		</relationship>
	</object>
	<object class="GameParameter" id="{0829b3c2-09ba-43e8-b294-c3a5769c3ca1}">
		<property name="parameterType">
			<value>1</value>
		</property>
		<property name="minimum">
			<value>1</value>
		</property>
		<property name="maximum">
			<value>7</value>
		</property>
		<property name="isGlobal">
			<value>true</value>
		</property>
		<property name="initialValue">
			<value>1</value>
		</property>
		<property name="isExposedRecursively">
			<value>false</value>
		</property>
	</object>
</objects>
